Rashid,,,,,,,
,Shlash,,,,,,
,,Rashid,,,,,
,,Rasheed,,,,,
,,,Turkey,,,,
,,,,Madullah,,,
,,,,,Amjad,,
,,,,,,Stewart,
,,,,,,Steven,
,,,,,,Kimberlyn,
,,,,,,Kinderlyn,
,,,,,Mazen,,
,,,,,,Morris,
,,,,,,Julia,
,,,,,Rasel,,
,,,,,,Rochelle,
,,,,,,Anna,
,,,,,Wagiha,,
,,,,,Nabeeha,,
,,,,,Magida,,
,,,,,Hoda,,
,,,,,Amal,,
,,,,,Raghida,,
,,,,Tofek,,,
,,,,,Ghassan,,
,,,,,,Bashar,
,,,,,,Hazem,
,,,,,,Maysaa,
,,,,,Nabeal,,
,,,,,,Ahlat,
,,,,,,Lama,
,,,,,,Rama,
,,,,,,Louijaine,
,,,,,George,,
,,,,,,Nizar,
,,,,,,Rami,
,,,,,,Elissar,
,,,,,Michelle,,
,,,,,Mona,,
,,,,,Deia,,
,,,,,Mofeeda,,
,,,,Fadullah,,,
,,,,,Usef,,
,,,,,,Anas,
,,,,,,Amer,
,,,,,,Peter,
,,,,,,Rasha,
,,,,,,Raoua,
,,,,,,Manar,
,,,,,Roukney,,
,,,,,,Osama,
,,,,,,Nivine,
,,,,,,Marlain,
,,,,,,Lina,
,,,,,,Norma,
,,,,,,Laura,
,,,,,Eleia,,
,,,,,,Ayham,
,,,,,,Roula,
,,,,,,Seeham,
,,,,,Turkey,,
,,,,,,Danny,
,,,,,,Mirna,
,,,,,,Rita,
,,,,,,Amanda,
,,,,,Adel,,
,,,,,,Mark,
,,,,,,Basil,
,,,,,,Lillian,
,,,,,Adnan,,
,,,,,,Nadia,
,,,,,,Donna,
,,,,,,Lolita,
,,,,,Shokria,,
,,,,,Nabeela,,
,,,,Turkia,,,
,,,,Mohala,,,
,,,Murrah,,,,
,,Daaebis,,,,,
,,,Musa,,,,
,,,,Rajeh,,,
,,,,,Saaid,,
,,,,,,Nabeel,
,,,,,,,Saaid
,,,,,,,Somar
,,,,,,,Zaima
,,,,,,,Carol
,,,,,,George,
,,,,,,,Musa
,,,,,,,Male
,,,,,,,Male
,,,,,,Ghassan,
,,,,,,,Paula
,,,,,,Ryad,
,,,,,,,Male
,,,,,,,Male
,,,,,,Naela,
,,,,,,Samia,
,,,,,,Rola,
,,,,,,Ghada,
,,,,,,Hala,
,,,,,,Maha,
,,,,,Nikola,,
,,,,,,Firas,
,,,,,,Rajeh,
,,,,,,Louayy,
,,,,,,Miyada,
,,,,,Jabr,,
,,,,,,Nawar,
,,,,,,Noor,
,,,,,,Leen,
,,,,,Miguel,,
,,,,,,George,
,,,,,Assad,,
,,,,,Souhad,,
,,,,,Jouhaina,,
,,,,,Joumana,,
,,,,Shaman,,,
,,,,,Hathal,,
,,,,,,Michelle,
,,,,,,,Shaman
,,,,,,,Carlos
,,,,,,,Diana
,,,,,,Jamal,
,,,,,Miriam,,
,,,,,Akila**,,
,,,,Jad al Kareem,,,
,,,Abdullah,,,,
,,,,Jadullah,,,
,,,,,Ismaheel,,
,,,,,Sulayman,,
,,,,,Salman,,
,,,,Mudallah,,,
,,,,,Jouhad,,
,,,,,Fouhad,,
,,,,Fadullah,,,
,,,,,Jamal,,
,,,,,,Bayan,
,,,,,,Louayy,
,,,,,,Mark,
,,,,,,Mania,
,,,,,,Rania,
,,,,,,Hala,
,,,,,,Sofana,
,,,,,Jameel,,
,,,,,,Hassan,
,,,,,,Sofwan,
,,,,,,Raghida,
,,,,,,Amira,
,,,,,Hany,,
,,,,,,Mohanad,
,,,,,,Majd,
,,,,,,Rahaf,
,,,,,,Raghad,
,,,,,,Ruba,
,,,,,,Ramia,
,,,,,Ghalib ,,
,,,,,,Samir,
,,,,,,Marcel,
,,,,,,Christina,
,,,,,Amira,,
,,,,,Haneea,,
,,,,,Monira,,
,,,,Thoonaya,,,
,,,Beicca,,,,
,,,Miriam,,,,
,,,Eid,,,,
,,,,Bayer,,,
,,,,,Najeeb,,
,,,,,,Jabir,
,,,,,,Samira,
,,,,,,Temam,
,,,,,,Ghada,
,,,,,,Hind,
,,,,,Hindi,,
,,,,,,Fozy,
,,,,,,Munir,
,,,,,,Baheej,
,,,,,,Sohel,
,,,,,,Michelle,
,,,,,,Munther,
,,,,,,Mary,
,,,,,,Ansaf,
,,,,,,Munira,
,,,,,Duima,,
,,,,Maziad,,,
,,,,,Assad,,
,,,,,,Saber,
,,,,,,,Housam
,,,,,,,Leon
,,,,,,Sami,
,,,,,,,Maher
,,,,,,,Samia
,,,,,,,Sonia
,,,,,,,Rola
,,,,,,,Lina
,,,,,,George,
,,,,,,,Lara
,,,,,,Nohad,
,,,,,Ajwad,,
,,,,,,Ghassan,
,,,,,,Kamal,
,,,,,,Eesaam,
,,,,,,Ensheerah,
,,,,,,Fudullah,
,,,,,,???AmoSami,
,,,,,,Monsura,
,,,,,,Turkia,
,,,,,Zahyla,,
,,,,,Zaida,,
,,Tuma,,,,,
,,,Faris,,,,
,,,,Fahad,,,
,,,,,Rosa,,
,,,,,Jennete,,
,,,,,Ghazal,,
,,,,,Amal,,
,,,,,Mona,,
,,,,Saleem,,,
,,,,,Mazyad,,
,,,,Farah,,,
,,,,,Salim,,
,,,,,,Farah,
,,,,,,,Sandy
,,,,,,,Maria
,,,,,,,Claire
,,,,,,,Kinda
,,,,,,Marcel,
,,,,,,,Faris
,,,,,,,Elissa
,,,,,,Klode,
,,,,,,Sammer,
,,,,,,,Sam
,,,,,,,Haya
,,,,,,,Ranna
,,,,,,Faris,
,,,,,Salama,,
,,,,,,Fadi,
,,,,,,Braheem,
,,,,,,,Malik
,,,,,,,Maya
,,,,,,Khaleel,
,,,,,,,Salami
,,,,,,Rima,
,,,,,,Nada,
,,,,,,Darin,
,,,,,Nofa,,
,,,,,Temam,,
,,,,,Henda,,
,,,,Tirfah,,,
,,,,Bandar,,,
,,,,Ghandaf,,,
Salami,,,,,,,
,Braheem,,,,,,
,,Eid,,,,,
,,,Zaid,,,,
,,,Haila,,,,
,,,Skoot,,,,
,,,Maziad,,,,
,,,,Franscois,,,
,,,,,Gelal,,
,,,,,Kareem,,
,,,,,Yara,,
,,,,Victor,,,
,,,,,Bassel,,
,,,,,Keenan,,
,,,,,Deema,,
,,,,Shaar,,,
,,,,Rosa,,,
,,,,Foze,,,
,,,,Victoria,,,
,,,Erthaigh,,,,
,,,,Helana,,,
,,,Dawood,,,,
,,,,Farha,,,
,,,,Farhan,,,
,,Dlaim,,,,,
,,,Theeb,,,,
,,,,Khaleel,,,
,,,,Usef,,,
,,,,Ascar,,,
,,,,Heleena,,,
,,,Theeab,,,,
,,,,Methiab,,,
,,,,,Nabeel,,
,,,,,Wajil,,
,,,,Thiab,,,
,,,,,Bedea,,
,,,,,,Shrbil,
,,,,,,Peter,
,,,,,,Weesam,
,,,,,Ameal,,
,,,,,,Roy,
,,,,,,Rayan,
,,,,,,Rochelle,
,,,,,Rafeigh,,
,,,,,Milad,,
,,,,,Labeeb,,
,,,,,,Mireigh,
,,,,,,Valentina,
,,,,,,Vanessa,
,,,,,Raimy,,
,,,,Miriam,,,
,,,,Tirfa,,,
,,,,Eida,,,
,,,Thoubian,,,,
,,,,Khozaay,,,
,,,,,Sameh,,
,,,,,,Firas,
,,,,,,Elas,
,,,,,,Henna,
,,,,,Waseem,,
,,,,,,Danny,
,,,,,,Elias,
,,,,,,Donna,
,,,,,Jouries ,,
,,,,,,Male,
,,,,,,Male,
,,,,,,Female,
,,,,,Nawal,,
,,,,,Jacqueline,,
,,,,,Fareal,,
,,,,Joudaa,,,
,,,,,John,,
,,,,,Pier,,
,,,,,Jameal,,
,,,,,Weesam,,
,,,,,Magdueline,,
,,,,,Nadia,,
,,,,,Shadia,,
,,,,,Amal,,
,,,,,Jeehan,,
,,,,,Layla,,
,,,,Jadoon,,,
,,,,,Fadi,,
,,,,,Nada,,
,,,,,Hamsa,,
,,,,Jadou,,,
,,,,,Fadi,,
,,,,,Sami,,
,,,,,Sawsan,,
,,,,Najeeb,,,
,,,,,Loutfeih,,
,,,,,Peter,,
,,,,,Jameal,,
,,,,,,Najee,
,,,,,,Rouba,
,,,,,Jameala,,
,,,,,Hond,,
,,,,,Therese,,
,,,,,Mary,,
,,,,,Samira,,
,,,,Nadda,,,
,,,Atah,,,,
,,,,Laura,,,
,,,,Suria,,,
,,Sulayman,,,,,
,,,Ermeigh,,,,
,,,,Simaan,,,
,,,,,Jouries ,,
,,,,,Josef,,
,,,,,Josephine,,
,,,,,Ghadfah,,
,,,,,Hlal,,
,,,,,Ryadd,,
,,,,,Warda,,
,,,,,Ansaf,,
,,,,Helal,,,
,,,Khaleel,,,,
,,,,Salman,,,
,,,,,Khanza,,
,,,,,Turkia,,
,,,,,Metrooka,,
,,,,,Endayah,,
,,,,,Khezama,,
